{
  "themeModelDataItems": [
    {
      "MissionExhibitName": "07",
      "IsMissionExhibitComplete": true,
      "MissionExhibitInitTime": "2023-11-03T14:16:31.039577+08:00",
      "MissionExhibitEndTime": "2023-11-03T14:17:14.270356+08:00"
    },
    {
      "MissionExhibitName": "47",
      "IsMissionExhibitComplete": true,
      "MissionExhibitInitTime": "2023-11-03T14:10:00.613333+08:00",
      "MissionExhibitEndTime": "2023-11-03T14:10:25.697527+08:00"
    },
    {
      "MissionExhibitName": "08",
      "IsMissionExhibitComplete": true,
      "MissionExhibitInitTime": "2023-11-03T14:16:32.440585+08:00",
      "MissionExhibitEndTime": "2023-11-03T14:17:24.377497+08:00"
    },
    {
      "MissionExhibitName": "44",
      "IsMissionExhibitComplete": true,
      "MissionExhibitInitTime": "2023-11-03T14:09:34.065614+08:00",
      "MissionExhibitEndTime": "2023-11-03T14:11:23.851372+08:00"
    },
    {
      "MissionExhibitName": "58",
      "IsMissionExhibitComplete": true,
      "MissionExhibitInitTime": "2023-11-03T14:08:59.250457+08:00",
      "MissionExhibitEndTime": "2023-11-03T14:09:19.352675+08:00"
    }
  ]
}