{
  "themeModelDataItems": [
    {
      "MissionExhibitName": "07",
      "IsMissionExhibitComplete": true,
      "MissionExhibitInitTime": "2023-11-03T15:33:27.455268+08:00",
      "MissionExhibitEndTime": "2023-11-03T15:35:22.268757+08:00"
    },
    {
      "MissionExhibitName": "16",
      "IsMissionExhibitComplete": true,
      "MissionExhibitInitTime": "0001-01-01T00:00:00",
      "MissionExhibitEndTime": "2023-11-03T15:30:56.360283+08:00"
    },
    {
      "MissionExhibitName": "58",
      "IsMissionExhibitComplete": true,
      "MissionExhibitInitTime": "2023-11-03T15:41:56.023088+08:00",
      "MissionExhibitEndTime": "2023-11-03T15:42:10.233482+08:00"
    },
    {
      "MissionExhibitName": "59",
      "IsMissionExhibitComplete": true,
      "MissionExhibitInitTime": "2023-11-03T15:38:50.273103+08:00",
      "MissionExhibitEndTime": "2023-11-03T15:41:51.31957+08:00"
    },
    {
      "MissionExhibitName": "08",
      "IsMissionExhibitComplete": true,
      "MissionExhibitInitTime": "2023-11-03T15:35:33.076886+08:00",
      "MissionExhibitEndTime": "2023-11-03T15:35:39.965764+08:00"
    }
  ]
}